Molecule Name,∆LFQ,Std. Dev.,P-Value,Molecule Type
CAY67352_BY4741;YPL036W_BY4741,-1.42476819,0.189434452,0.002606204,
UNDEF108_BY4741,-0.676954365,0.241410081,0.068443539,
UNDEF111_BY4741,#NAME?,NA,0,
UNDEF120_BY4741;UNDEF110_BY4741,-1.176013634,0.211716582,0.007205548,
UNDEF122_BY4741;AAS51529_BY4741,-1.473438497,0.118312429,0.000489595,
UNDEF132_BY4741,-0.70340789,0.258521905,0.087989784,
UNDEF133_BY4741,-0.706813292,0.318098776,0.127867044,
UNDEF136_BY4741;UNDEF25_BY4741,#NAME?,NA,0,
UNDEF137_BY4741,1.544836025,0.532938492,0.091098058,
UNDEF139_BY4741,-0.231137337,0.28816309,0.55785865,
UNDEF140_BY4741,-0.166967784,0.027529877,0.178644861,
UNDEF141_BY4741,0.192634742,0.239363144,0.557272927,
UNDEF3_BY4741;UNDEF101_BY4741,-1.937139064,0.289041838,0.003808831,
UNDEF32_BY4741,0.91029028,0.12758799,0.003135346,
UNDEF33_BY4741,0.048851096,0.15647779,0.820336144,
UNDEF35_BY4741,-0.112825065,0.267010067,0.758316818,
UNDEF44_BY4741,0.581790845,0.094013519,0.004861189,
UNDEF49_BY4741,-0.789309525,0.121436608,0.004076534,
UNDEF52_BY4741,-0.21459152,0.361807285,0.671521462,
UNDEF55_BY4741,-0.774475406,0.536762857,0.31837184,
UNDEF61_BY4741,-0.776413326,0.171089917,0.014921059,
UNDEF63_BY4741,0.493366576,0.420573694,0.389880234,
UNDEF64_BY4741,-0.25846551,0.081617114,0.047514661,
UNDEF65_BY4741,-0.697239298,0.069736386,0.001056302,
UNDEF73_BY4741,0.179047147,0.158465585,0.405507039,
UNDEF74_BY4741;YER062C_BY4741,0.010553196,0.171167029,0.968624314,
UNDEF84_BY4741,-0.538440755,0.077438909,0.003414071,
UNDEF88_BY4741,1.158489386,0.109458537,0.000856545,
UNDEF9_BY4741,0.979269081,0.15686328,0.004776882,
UNDEF93_BY4741,#NAME?,NA,0,
UNDEF94_BY4741,0.051518031,0.155158929,0.812474728,
UNDEF95_BY4741,-0.560376537,0.307526591,0.254945261,
YAL003W_BY4741,0.949669072,0.444497588,0.201628814,
YAL007C_BY4741;YOR016C_BY4741,-0.258590472,0.525208573,0.724234055,
YAL008W_BY4741,-0.022075126,0.123601366,0.90042524,
YAL010C_BY4741,0.710849056,0.215100086,0.042208527,
YAL023C_BY4741,-0.849556399,0.164827646,0.009670384,
YAL031C_BY4741,-0.706593372,0.437344266,0.27409257,
YAL035W_BY4741,#NAME?,NA,0,
YAL036C_BY4741,#NAME?,NA,0,
YAL038W_BY4741,-1.136660865,0.153634064,0.002745105,
YAL039C_BY4741,0.160157466,0.211475352,0.581814915,
YAL042W_BY4741,-0.854160321,0.149392963,0.006757979,
YAL044C_BY4741,0.429002761,0.073459479,0.006168566,
YAL044W-A_BY4741,-0.819906918,0.154642756,0.012947773,
YAL046C_BY4741,-0.618432829,0.130579708,0.012973521,
YAL048C_BY4741,0.391433919,0.129390876,0.054306299,
YAL058W_BY4741,-0.581130729,0.214367593,0.088721931,
YAR002C-A_BY4741,-0.284824045,0.202068445,0.303657578,
YAR008W_BY4741,0.043458329,0.257192395,0.905542614,
YAR042W_BY4741,-0.500253181,0.156093213,0.286694722,
YBL011W_BY4741,#NAME?,NA,0,
YBL013W_BY4741,-0.328199343,0.080988619,0.022219558,
YBL015W_BY4741,-1.298240986,0.108833577,0.000544661,
YBL022C_BY4741,0.186868331,0.105551944,0.208656568,
YBL030C_BY4741,-0.936633861,0.185257244,0.010209436,
YBL038W_BY4741,-0.287732058,0.14438162,0.163424876,
YBL045C_BY4741,-0.765821198,0.116886214,0.003985197,
YBL050W_BY4741,-0.277351764,0.215800464,0.346550464,
YBL057C_BY4741,3.337944391,0.201147932,0.000209504,
YBL059W_BY4741,0.237255779,0.123060007,0.176105545,
YBL064C_BY4741,0.139021849,0.059603041,0.11363539,
YBL069W_BY4741,-1.040107827,0.215141716,0.012194103,
YBL075C_BY4741,-1.162954102,0.329610994,0.034822055,
YBL079W_BY4741,Inf,NA,0,
YBL080C_BY4741,0.018282287,0.105623857,0.90312816,
YBL090W_BY4741,-0.188654353,0.266707716,0.607906015,
YBL092W_BY4741,-1.353317564,0.120692286,0.000714862,
YBL095W_BY4741,-0.180306282,0.224742383,0.55785865,
YBL098W_BY4741,-0.665501736,0.086384374,0.00249372,
YBL099W_BY4741,-0.555886896,0.10597856,0.009030893,
YBL107C_BY4741,0.19293499,0.171006834,0.405626283,
YBR003W_BY4741,-0.0481403,0.133141704,0.797054475,
YBR011C_BY4741,#NAME?,NA,0,
YBR018C_BY4741,0.167949113,0.044458037,0.028307296,
YBR019C_BY4741,-1.029424172,0.138524812,0.002716033,
YBR020W_BY4741,-1.345206944,0.155165095,0.001594655,
YBR024W_BY4741,0.177866848,0.119226648,0.279631369,
YBR025C_BY4741,-1.177037748,0.268633746,0.016875397,
YBR026C_BY4741,0.314095159,0.049886454,0.00463888,
YBR029C_BY4741,-0.912191787,0.298244137,0.052663062,
YBR031W_BY4741,-0.93646821,0.167862051,0.007076975,
YBR037C_BY4741,0.022844342,0.077765928,0.828163406,
YBR039W_BY4741,-0.696266907,0.079662306,0.001539775,
YBR041W_BY4741,-1.281660257,0.383802253,0.064551785,
YBR042C_BY4741,0.385911785,0.529171272,0.607906015,
YBR044C_BY4741,0.175095412,0.100150085,0.213320604,
YBR046C_BY4741,Inf,NA,0,
YBR052C_BY4741,-0.876712725,0.189139273,0.019630288,
YBR054W_BY4741,-0.916990352,0.329363738,0.069706046,
YBR056W_BY4741,#NAME?,NA,0,
YBR074W_BY4741,0.586761872,0.212723049,0.071761042,
YBR078W_BY4741,-0.663789269,0.664549819,0.459741731,
YBR079C_BY4741,-2.061055823,0.404554434,0.022822476,
YBR080C_BY4741,-0.618451471,0.190156008,0.044048065,
YBR084W_BY4741,0.133369174,0.102932982,0.342590946,
YBR085W_BY4741,0.548968003,0.069456589,0.002245174,
YBR086C_BY4741,-1.514553,0.199040224,0.002503136,
YBR091C_BY4741,0.750754602,0.365169787,0.392578427,
YBR104W_BY4741,-0.339775746,0.072821269,0.013719388,
YBR106W_BY4741,-0.589541451,0.184673244,0.046790816,
YBR110W_BY4741,-1.368045505,0.27399531,0.01062574,
YBR111C_BY4741,0.455652496,0.291122968,0.257964085,
YBR112C_BY4741,#NAME?,NA,0,
YBR120C_BY4741,0.230970922,0.095163915,0.102900667,
YBR121C_BY4741;YPR081C_BY4741,-0.281498055,0.08509448,0.042183321,
YBR122C_BY4741,0.40569274,0.231096241,0.211803036,
YBR125C_BY4741,-0.736197898,0.536600535,0.342192997,
YBR126C_BY4741,-1.370475805,0.408139751,0.090879028,
YBR127C_BY4741,-0.536369346,0.085657092,0.004726531,
YBR143C_BY4741,-0.66255443,0.231107939,0.122298163,
YBR146W_BY4741,0.210480265,0.100283998,0.146397737,
YBR159W_BY4741,-0.923217094,0.151648035,0.005157827,
YBR160W_BY4741,-0.603181964,0.459307739,0.360456097,
YBR163W_BY4741,0.035753763,0.122979728,0.82884668,
YBR164C_BY4741,#NAME?,NA,0,
YBR171W_BY4741,-0.346454634,0.332619915,0.449380173,
YBR176W_BY4741,0.328527936,0.100577522,0.043478217,
YBR177C_BY4741,-0.582758253,0.177633822,0.043074005,
YBR179C_BY4741,0.254789866,0.167155506,0.270317963,
YBR185C_BY4741,-0.329728625,0.087562338,0.028497943,
YBR192W_BY4741,-0.267719522,0.127639465,0.146448291,
YBR196C_BY4741,-0.522704688,0.222969285,0.112594717,
YBR204C_BY4741,-0.257193867,0.430595322,0.671907326,
YBR221C_BY4741,0.097545183,0.213064098,0.741954352,
YBR222C_BY4741,-1.720910053,0.254920754,0.003776051,
YBR223C_BY4741,0.657466774,0.316585114,0.149543309,
YBR227C_BY4741,0.337376542,0.084023339,0.022822476,
YBR229C_BY4741,-0.504929875,0.26792117,0.184078536,
YBR230C_BY4741,-1.108160687,0.480450726,0.116905721,
YBR238C_BY4741,-0.749428613,0.161476141,0.013930455,
YBR244W_BY4741,-1.264769131,0.170383051,0.002716033,
YBR245C_BY4741;YOR304W_BY4741,0.2930229,0.274022406,0.582605885,
YBR249C_BY4741,#NAME?,NA,0,
YBR251W_BY4741,-0.41260305,0.088304104,0.013713251,
YBR255C-A_BY4741,0.241838407,0.101350934,0.107151075,
YBR262C_BY4741,-0.027867759,0.23508611,0.937652407,
YBR263W_BY4741,0.077768438,0.049021503,0.252876837,
YBR264C_BY4741,-0.322344749,0.47363275,0.705490714,
YBR265W_BY4741,-0.092194991,0.252852327,0.795438632,
YBR269C_BY4741,-0.652499649,0.126752973,0.009692857,
YBR282W_BY4741,-0.085244831,0.146040132,0.673035567,
YBR283C_BY4741,-0.832188724,0.253093544,0.042961233,
YBR286W_BY4741,1.56845377,0.125385424,0.000489595,
YBR287W_BY4741,0.168472495,0.414605144,0.779968993,
YBR291C_BY4741,-0.090538858,0.152971515,0.671759079,
YCL001W_BY4741,-1.190669059,0.365315422,0.043760846,
YCL004W_BY4741,0.615877945,0.072780294,0.001756235,
YCL009C_BY4741,0.553154062,0.151393316,0.031225625,
YCL014W_BY4741,#NAME?,NA,0,
YCL017C_BY4741,0.154339151,0.087729914,0.211005796,
YCL026C-B_BY4741,0.26762227,0.187048784,0.297301214,
YCL040W_BY4741,-2.214554723,0.26749876,0.001867463,
YCL043C_BY4741,-0.839709442,0.189257138,0.016098754,
YCL044C_BY4741,0.462461248,0.084697635,0.00776853,
YCL045C_BY4741,-0.805153335,0.205458304,0.024889436,
YCL057W_BY4741,-0.492765312,0.111841533,0.01653995,
YCL064C_BY4741,0.566984304,0.268604837,0.144663745,
YCR002C_BY4741,-1.655039213,0.275009216,0.008668288,
YCR003W_BY4741,-0.548279579,0.346849987,0.25433679,
YCR004C_BY4741,-0.709006987,0.195217943,0.039818455,
YCR005C_BY4741,-0.416072068,0.508840182,0.565096384,
YCR008W_BY4741,#NAME?,NA,0,
YCR009C_BY4741,-0.397358058,0.180198698,0.130106614,
YCR010C_BY4741,-1.017898473,0.580086087,0.223705454,
YCR011C_BY4741,0.445452534,0.132575994,0.048543201,
YCR012W_BY4741,-1.15855271,0.075465274,0.0002558,
YCR017C_BY4741,-0.495596245,0.155823039,0.047093692,
YCR021C_BY4741,#NAME?,NA,0,
YCR024C_BY4741,0.143805259,0.143804654,0.459741731,
YCR030C_BY4741,#NAME?,NA,0,
YCR034W_BY4741,-0.978134271,0.22860002,0.024943782,
YCR046C_BY4741,-0.067676833,0.128812025,0.705490714,
YCR067C_BY4741,-0.5529597,0.268256037,0.151833945,
YCR071C_BY4741,-0.707837004,0.139563645,0.010164483,
YCR079W_BY4741,-0.104413779,0.174072441,0.667947941,
YCR083W_BY4741,0.402179063,0.162607569,0.097994154,
YCR088W_BY4741,#NAME?,NA,0,
YDL004W_BY4741,-0.747956008,0.079620119,0.001164709,
YDL014W_BY4741,#NAME?,NA,0,
YDL015C_BY4741,-0.455523088,0.196393192,0.127867044,
YDL019C_BY4741,-0.301176537,0.392746773,0.602306425,
YDL022W_BY4741,-1.926710999,0.250842714,0.00249372,
YDL027C_BY4741,-0.129397219,0.16013693,0.555779572,
YDL029W_BY4741,#NAME?,NA,0,
YDL033C_BY4741,0.419869038,0.098622558,0.018800016,
YDL036C_BY4741;YOL066C_BY4741,-0.066817025,0.079265081,0.654610807,
YDL044C_BY4741,0.065255239,0.074895132,0.521253115,
YDL052C_BY4741,-0.635245305,0.171866267,0.030455443,
YDL055C_BY4741,-1.773453716,0.227265105,0.002367673,
YDL066W_BY4741,-0.491991734,0.064250954,0.002497729,
YDL069C_BY4741,0.109468524,0.243087783,0.744246887,
YDL072C_BY4741,Inf,NA,0,
YDL075W_BY4741;YLR406C_BY4741,-1.753833208,0.158726932,0.000719407,
YDL078C_BY4741,-1.079000613,0.173959136,0.004850117,
YDL082W_BY4741;UNDEF107_BY4741,-1.327841897,0.270304284,0.01139283,
YDL084W_BY4741,-2.028967614,0.178112998,0.007232625,
YDL085W_BY4741,0.518389745,0.20601497,0.093271291,
YDL095W_BY4741,-0.744439836,0.251657169,0.057603635,
YDL100C_BY4741,-0.859939816,0.366539886,0.17414168,
YDL104C_BY4741,0.064158032,0.104616559,0.660904175,
YDL107W_BY4741,-0.272520734,0.08547873,0.046838254,
YDL119C_BY4741,0.152288119,0.248367118,0.660904175,
YDL120W_BY4741,-0.084249189,0.322648355,0.847814298,
YDL124W_BY4741,0.025131744,0.267485492,0.959283526,
YDL126C_BY4741,-0.298635298,0.243977218,0.369492652,
YDL130W_BY4741,-0.954651513,0.457864208,0.148531008,
YDL131W_BY4741;YDL182W_BY4741,-1.56736445,0.585843614,0.079376559,
YDL135C_BY4741,-0.865446015,0.169051575,0.009849863,
YDL142C_BY4741,0.067943722,0.123370189,0.689183685,
YDL145C_BY4741,#NAME?,NA,0,
YDL157C_BY4741,0.386113078,0.112096896,0.037568702,
YDL160C_BY4741,-0.854833625,0.279789449,0.052777039,
YDL164C_BY4741,0.285398627,0.151635791,0.184446291,
YDL174C_BY4741,0.916409543,0.093075901,0.001073424,
YDL178W_BY4741,-0.135777555,0.116720023,0.392858979,
YDL183C_BY4741,-0.06709555,0.147088917,0.741954352,
YDL185W_BY4741,0.229778487,0.321853379,0.605414412,
YDL192W_BY4741,-2.679246177,0.327335609,0.001971019,
YDL193W_BY4741,-0.264259323,0.797999267,0.825835075,
YDL198C_BY4741,-0.566501855,0.026312369,9.55E-05,
YDL202W_BY4741,0.413657639,0.224004311,0.191518231,
YDL204W_BY4741,-0.940743308,0.174314053,0.019669097,
YDL207W_BY4741,0.529571349,0.195066993,0.1348624,
YDL212W_BY4741,-0.973037027,0.187733296,0.009514725,
YDL217C_BY4741,-0.397927415,0.089283868,0.015907018,
YDL219W_BY4741,-0.862793546,0.768507428,0.447267832,
YDL222C_BY4741,-0.158961569,0.300664382,0.704161411,
YDL225W_BY4741,#NAME?,NA,0,
YDL229W_BY4741;YDL228C_BY4741,-1.503571301,0.154163435,0.001073424,
YDR009W_BY4741,-0.45198766,0.177139922,0.121200846,
YDR011W_BY4741;YNR070W_BY4741,-1.263746092,0.188787514,0.003809901,
YDR019C_BY4741,0.492766052,0.062563915,0.002268936,
YDR023W_BY4741,-1.381590525,0.318553787,0.03467279,
YDR025W_BY4741,-1.254822163,0.133938541,0.001164709,
YDR032C_BY4741,-1.168827477,0.206175114,0.006795513,
YDR033W_BY4741,0.645620121,0.201474166,0.046277796,
YDR036C_BY4741,0.101600843,0.047712393,0.14188244,
YDR038C_BY4741;UNDEF145_BY4741,-1.09475138,0.165062061,0.003900761,
YDR041W_BY4741,-0.12172928,0.198291824,0.660904175,
YDR050C_BY4741,-0.45974486,0.197827534,0.114712053,
YDR058C_BY4741,0.497406828,0.175897861,0.066599111,
YDR061W_BY4741,0.020677621,0.127599092,0.908531507,
YDR062W_BY4741,-1.085832205,0.192839623,0.006895393,
YDR064W_BY4741,-1.500388639,0.165467797,0.001287108,
YDR065W_BY4741,-0.877889855,0.127012056,0.003492268,
YDR071C_BY4741,#NAME?,NA,0,
YDR074W_BY4741,#NAME?,NA,0,
YDR079W_BY4741,-0.652977096,0.224054,0.060503716,
YDR091C_BY4741,-0.941504199,0.166623884,0.006862715,
YDR093W_BY4741,-1.293594144,0.647456458,0.223705454,
YDR099W_BY4741,-0.974339829,0.206845821,0.045414635,
YDR115W_BY4741,-1.105836607,0.216609782,0.009911366,
YDR116C_BY4741,0.093915969,0.09776552,0.477954481,
YDR120C_BY4741,-1.126943836,0.277461089,0.040435788,
YDR125C_BY4741,0.339129316,0.188638078,0.214581521,
YDR135C_BY4741,0.441994222,0.167253256,0.082616819,
YDR148C_BY4741,-0.562920731,0.083571838,0.003776051,
YDR155C_BY4741,-1.205404914,0.123565134,0.001073424,
YDR158W_BY4741,#NAME?,NA,0,
YDR171W_BY4741,Inf,NA,0,
YDR172W_BY4741,-1.398481138,0.311702276,0.049658041,
YDR175C_BY4741,-0.28977987,0.084356932,0.037733253,
YDR178W_BY4741,-1.329428878,0.177749204,0.002666637,
YDR185C_BY4741,1.447378753,0.10488585,0.004861189,
YDR190C_BY4741,-0.028127746,0.216558553,0.931251822,
YDR194C_BY4741,-0.291963618,0.088009436,0.041881949,
YDR197W_BY4741,0.309485828,0.185564434,0.233198535,
YDR204W_BY4741,0.006979561,0.087031463,0.958416779,
YDR214W_BY4741,-1.169384589,0.467401619,0.154969889,
YDR221W_BY4741,-0.570181314,0.189499583,0.112448198,
YDR224C_BY4741;YBL002W_BY4741,-0.390644377,0.55255711,0.607906015,
YDR225W_BY4741,0.556943081,0.90942147,0.675504773,
YDR226W_BY4741,0.191164159,0.210493622,0.503241603,
YDR231C_BY4741,0.147031343,0.08844762,0.23368089,
YDR232W_BY4741,-0.192485371,0.128231852,0.276491472,
YDR233C_BY4741,-0.899323501,0.144456886,0.004822222,
YDR234W_BY4741,0.905701475,0.159844268,0.006795513,
YDR236C_BY4741,Inf,NA,0,
YDR237W_BY4741,-0.149350927,0.168930209,0.516545379,
YDR238C_BY4741,-0.798369998,0.522622751,0.320160291,
YDR246W_BY4741,Inf,NA,0,
YDR258C_BY4741,0.189399943,0.133079235,0.298982691,
YDR261C_BY4741,#NAME?,NA,0,
YDR268W_BY4741,-0.069631683,0.115770377,0.66742424,
YDR282C_BY4741,-0.089952398,0.196966016,0.741954352,
YDR284C_BY4741,0.5751146,0.399391261,0.304308108,
YDR286C_BY4741,-0.756372174,0.157543642,0.012438352,
YDR294C_BY4741,-0.399370511,0.232305922,0.21994832,
YDR296W_BY4741,0.042924,0.132611574,0.815191888,
YDR297W_BY4741,-0.573347397,0.150931246,0.027703633,
YDR298C_BY4741,-0.576540427,0.086614046,0.003883579,
YDR304C_BY4741,-0.408716191,0.2042344,0.161786985,
YDR316W_BY4741,-0.033483689,0.104893196,0.81714925,
YDR322W_BY4741,-0.03002545,0.087559813,0.807035241,
YDR325W_BY4741,-0.435859514,0.388982196,0.481483906,
YDR332W_BY4741,-0.787299025,0.427224234,0.251751385,
YDR336W_BY4741,-0.086174732,0.30809954,0.835687835,
YDR337W_BY4741,-0.044861608,0.05776628,0.573050782,
YDR341C_BY4741,-0.46822493,0.095379999,0.042125828,
YDR347W_BY4741,-0.035547262,0.102957922,0.807035241,
YDR350C_BY4741,-0.119579093,0.276755605,0.753839653,
YDR353W_BY4741,#NAME?,NA,0,
YDR372C_BY4741,#NAME?,NA,0,
YDR375C_BY4741,0.053799824,0.089096772,0.666361734,
YDR376W_BY4741,0.098550612,0.091233863,0.423167896,
YDR377W_BY4741,-1.093168537,0.264595782,0.020741012,
YDR380W_BY4741,#NAME?,NA,0,
YDR381C-A_BY4741,-0.113530089,0.113662489,0.459741731,
YDR381W_BY4741,#NAME?,NA,0,
YDR388W_BY4741,#NAME?,NA,0,
YDR393W_BY4741,-0.034122625,0.185970031,0.89820772,
YDR405W_BY4741,-0.400140185,0.11796091,0.039180987,
YDR430C_BY4741,0.324310322,0.088624223,0.031225094,
YDR454C_BY4741,-1.278328105,0.596210471,0.200755924,
YDR462W_BY4741,-0.373645027,0.134031361,0.069546459,
YDR470C_BY4741,0.270749257,0.1216558,0.127488463,
YDR476C_BY4741,-0.569610569,0.142543418,0.023161596,
YDR477W_BY4741,#NAME?,NA,0,
YDR479C_BY4741,0.146556231,0.29425073,0.744246887,
YDR481C_BY4741,0.880869007,0.087501783,0.001031988,
YDR483W_BY4741,-0.666446456,0.196700188,0.14188244,
YDR493W_BY4741,-0.241138084,0.16438598,0.286694722,
YDR494W_BY4741,-0.377237815,0.102431095,0.030628636,
YDR502C_BY4741,-0.667042671,0.557212332,0.418907753,
YDR507C_BY4741,#NAME?,NA,0,
YDR508C_BY4741,-0.889686003,0.230793095,0.033960491,
YDR511W_BY4741,-0.427373823,0.204571006,0.14791797,
YDR512C_BY4741,-0.056251738,0.121253742,0.749503678,
YDR514C_BY4741,0.405749743,0.36641675,0.412888916,
YDR518W_BY4741,-0.819020062,0.219127196,0.029147624,
YDR519W_BY4741,-0.517360686,0.268461432,0.176105545,
YDR529C_BY4741,-1.392868863,0.074147099,0.000137403,
YDR538W_BY4741,1.740126055,0.471588547,0.03052423,
YEL002C_BY4741,-0.509048136,0.224914641,0.122298163,
YEL006W_BY4741,-0.069999703,0.351920617,0.889057071,
YEL013W_BY4741,1.178759429,0.179389393,0.003968384,
YEL024W_BY4741,-0.41462468,0.076778757,0.008060434,
YEL031W_BY4741,-0.889106771,0.213487055,0.020160985,
YEL034W_BY4741;YJR047C_BY4741,-1.763366639,0.263777609,0.006256507,
YEL039C_BY4741,-0.251674226,0.375575125,0.640577519,
YEL042W_BY4741,#NAME?,NA,0,
YEL050C_BY4741,-0.157721652,0.141012312,0.408402051,
YEL051W_BY4741,-0.674533311,0.190541714,0.034577241,
YEL052W_BY4741,0.219358643,0.067502958,0.044102996,
YEL054C_BY4741,-0.613550142,0.199454506,0.051698795,
YEL060C_BY4741,Inf,NA,0,
YER004W_BY4741,0.821916303,0.201695056,0.021782587,
YER006W_BY4741,#NAME?,NA,0,
YER014W_BY4741,0.188739641,0.132619944,0.298982691,
YER017C_BY4741,-0.025883192,0.129267275,0.887494467,
YER019W_BY4741,-0.962103908,0.152644994,0.013068148,
YER020W_BY4741,#NAME?,NA,0,
YER026C_BY4741,-0.473720199,0.480819064,0.466599977,
YER031C_BY4741,0.881230929,0.268292672,0.043053037,
YER036C_BY4741,#NAME?,NA,0,
YER042W_BY4741,-0.491133486,0.441824587,0.484706971,
YER043C_BY4741,#NAME?,NA,0,
YER044C_BY4741,#NAME?,NA,0,
YER048C_BY4741,#NAME?,NA,0,
YER050C_BY4741,-0.766613527,0.164687869,0.013824093,
YER052C_BY4741,#NAME?,NA,0,
YER053C_BY4741,-0.382456862,0.22472293,0.223705454,
YER058W_BY4741,-0.467573237,0.331410905,0.30349864,
YER061C_BY4741,0.540826502,0.148692898,0.031531679,
YER069W_BY4741,0.205772657,0.085114505,0.103520124,
YER072W_BY4741,-0.346495523,0.253017714,0.315769029,
YER073W_BY4741,1.663728926,0.182569489,0.001284226,
YER077C_BY4741,0.187761087,0.090143519,0.14865859,
YER078C_BY4741,0.108790888,0.080458536,0.321215399,
YER080W_BY4741,0.027241151,0.10859417,0.853484115,
YER083C_BY4741,-0.58074,0.182837034,0.056669423,
YER086W_BY4741,-0.003572138,0.128662786,0.988072569,
YER087W_BY4741,0.176991104,0.1226261,0.293759992,
YER090W_BY4741,#NAME?,NA,0,
YER093C-A_BY4741,0.101087839,0.109121215,0.494056426,
YER101C_BY4741,#NAME?,NA,0,
YER103W_BY4741,1.366932088,0.362986074,0.028497943,
YER105C_BY4741,0.847229554,0.593533146,0.349184588,
YER110C_BY4741,#NAME?,NA,0,
YER114C_BY4741;YBL085W_BY4741,-1.185000918,0.575046389,0.266777534,
YER117W_BY4741,-0.8383221,0.195900651,0.018519073,
YER125W_BY4741,-1.117417923,0.288898589,0.026043142,
YER133W_BY4741,-1.190968785,0.179604427,0.006461753,
YER141W_BY4741,-0.148800673,0.170280616,0.520193866,
YER145C_BY4741,-0.992074462,0.169563826,0.009526393,
YER153C_BY4741,0.079893209,0.163994421,0.726265161,
YER154W_BY4741,0.022409701,0.074808767,0.827111584,
YER155C_BY4741,#NAME?,NA,0,
YER165W_BY4741,-1.488024445,0.26609783,0.017947756,
YER166W_BY4741,#NAME?,NA,0,
YER168C_BY4741,-0.02476558,0.083541782,0.827256806,
YER170W_BY4741,0.511753572,0.135361578,0.035846612,
YER177W_BY4741,-1.134060081,0.17415299,0.004076534,
YER178W_BY4741,0.188754237,0.152759256,0.364325733,
YER182W_BY4741,0.021254422,0.070472778,0.826287575,
YER183C_BY4741,-0.469818843,0.244975066,0.178130215,
YFL001W_BY4741,0.100691063,0.224161514,0.768455893,
YFL004W_BY4741,-0.980233173,0.104505194,0.001164709,
YFL005W_BY4741,-0.73832806,0.078003723,0.001153846,
YFL016C_BY4741,0.153606932,0.06544536,0.112448198,
YFL018C_BY4741,-0.513653278,0.129501001,0.023826758,
YFL027C_BY4741,0.389255845,0.17315729,0.124415523,
YFL036W_BY4741,0.232614588,0.142895729,0.242738049,
YFL037W_BY4741,#NAME?,NA,0,
YFL038C_BY4741,-0.269089916,0.186790729,0.294481422,
YFL039C_BY4741,-2.539850232,0.098320113,6.47E-05,
YFL041W_BY4741,0.020647984,0.60882948,0.985027929,
YFL045C_BY4741,-1.254837106,0.795217199,0.306516443,
YFL046W_BY4741,-0.436861647,0.105655102,0.02072409,
YFL048C_BY4741,-0.436507366,0.198817634,0.131382802,
YFR002W_BY4741,0.80088817,0.266207908,0.054936649,
YFR011C_BY4741,0.117885951,0.131059296,0.508058431,
YFR037C_BY4741,-0.15035641,0.07886729,0.24086616,
YFR039C_BY4741,0.488850892,0.251363692,0.285494925,
YFR041C_BY4741,-0.872487321,0.30321512,0.306516443,
YFR044C_BY4741,-1.040335715,0.159813474,0.004076534,
YFR045W_BY4741,-0.132742479,0.225052097,0.671907326,
YFR049W_BY4741,-1.020309635,0.203340954,0.010483059,
YFR053C_BY4741,-2.305572482,0.14605174,0.000238409,
YGL001C_BY4741,-0.227794391,0.190539848,0.380855876,
YGL006W_BY4741,-0.072447109,0.13694255,0.705490714,
YGL012W_BY4741,-0.728213343,0.228382269,0.046838254,
YGL018C_BY4741,0.701089437,0.249139073,0.067687155,
YGL020C_BY4741,-0.163617951,0.289244212,0.681557011,
YGL022W_BY4741,-1.026862072,0.298493367,0.037590973,
YGL026C_BY4741,-1.330000705,0.354466481,0.048265196,
YGL027C_BY4741,-0.644783832,0.26706879,0.10364531,
YGL030W_BY4741,-1.57250354,0.341983647,0.014323236,
YGL037C_BY4741,-0.569105486,0.223521239,0.090879028,
YGL041W-A_BY4741,-0.576212153,0.433736191,0.330736959,
YGL047W_BY4741,#NAME?,NA,0,
YGL054C_BY4741,-1.188004193,0.284993629,0.05733514,
YGL055W_BY4741,-1.119050883,0.115333007,0.001083687,
YGL057C_BY4741,0.067144379,0.152698083,0.750166666,
YGL059W_BY4741,0.360529284,0.178307838,0.157917412,
YGL063W_BY4741,0.39356527,0.18551316,0.154969889,
YGL064C_BY4741,-0.316413551,0.130942182,0.103520124,
YGL065C_BY4741,-0.514321258,0.171506532,0.055515585,
YGL068W_BY4741,-0.123960316,0.14396246,0.526602369,
YGL080W_BY4741,-0.916628518,0.051566672,0.000158313,
YGL084C_BY4741,-0.765915406,0.009392591,0.024889436,
YGL085W_BY4741,-0.411909251,0.133336397,0.050943246,
YGL092W_BY4741,0.760936786,0.243385886,0.049184693,
YGL097W_BY4741,1.390977969,0.541224266,0.14865859,
YGL105W_BY4741,-0.475460948,0.195529987,0.102623322,
YGL107C_BY4741,0.164775047,0.126394651,0.340627781,
YGL119W_BY4741,0.075237135,0.132156684,0.679993367,
YGL123W_BY4741,-1.362803389,0.243715752,0.007053613,
YGL126W_BY4741,#NAME?,NA,0,
YGL129C_BY4741,-0.317902451,0.086403972,0.030677371,
YGL137W_BY4741,#NAME?,NA,0,
YGL143C_BY4741,0.299749041,0.165762225,0.200194794,
YGL148W_BY4741,-0.321248053,0.211538505,0.475006028,
YGL156W_BY4741,0.324387246,0.326103378,0.497237024,
YGL167C_BY4741,-0.366783393,0.291086765,0.400728228,
YGL169W_BY4741,-0.169924132,0.151510294,0.407355153,
YGL173C_BY4741,-1.655557626,0.394446084,0.019669097,
YGL187C_BY4741,-0.899188192,0.152501322,0.005923925,
YGL189C_BY4741;YER131W_BY4741,-1.486793832,0.247845079,0.005514127,
YGL191W_BY4741,-1.265974647,0.094910851,0.000388156,
YGL195W_BY4741,#NAME?,NA,0,
YGL200C_BY4741,-0.253015515,0.252831725,0.459741731,
YGL206C_BY4741,-2.302423733,0.161209261,0.000714862,
YGL207W_BY4741,#NAME?,NA,0,
YGL219C_BY4741,0.26261879,0.322998703,0.554172308,
YGL221C_BY4741,-0.107922648,0.253201509,0.756856985,
YGL226C-A_BY4741,-0.778597229,0.416761675,0.186684856,
YGL226W_BY4741,-0.395734311,0.129369392,0.052663062,
YGL228W_BY4741,-0.160383603,0.273968299,0.672792358,
YGL231C_BY4741,-1.070466073,0.178950556,0.005546612,
YGL236C_BY4741;REV__YGR188C_BY4741,0.052463915,0.109326571,0.730359312,
YGL245W_BY4741,#NAME?,NA,0,
YGL253W_BY4741,-2.840620059,0.364722292,0.002372377,
YGL256W_BY4741,0.05850023,0.1484294,0.776359196,
YGR012W_BY4741,0.24399077,0.162542003,0.276491472,
YGR015C_BY4741,0.118249198,0.272484855,0.753115359,
YGR021W_BY4741,0.000349444,0.150405081,0.999168889,
YGR026W_BY4741,-0.705629471,0.356338342,0.226925763,
YGR028W_BY4741;YLR386W_BY4741,0.172646323,0.252003213,0.619841416,
YGR031W_BY4741,0.20756248,0.110992072,0.186684856,
YGR032W_BY4741,-1.383039729,0.246442229,0.006984156,
YGR033C_BY4741,0.080322403,0.116420868,0.618376897,
YGR034W_BY4741,-1.148334582,0.228761709,0.010483059,
YGR046W_BY4741,0.455648542,0.09514729,0.012549405,
YGR049W_BY4741,-0.076946616,0.123085734,0.654673401,
YGR062C_BY4741,0.404635993,0.282416413,0.296870674,
YGR076C_BY4741,0.126641722,0.11154999,0.403334119,
YGR082W_BY4741,0.121112456,0.070251475,0.219092356,
YGR084C_BY4741,0.220104778,0.063757503,0.037389136,
YGR086C_BY4741,-0.81205239,0.115413825,0.003276692,
YGR094W_BY4741,0.17914296,0.150295288,0.38174339,
YGR096W_BY4741,-0.276780638,0.342575951,0.555779572,
YGR101W_BY4741,-0.768984093,0.281006817,0.073315561,
YGR102C_BY4741,-0.10446235,0.219646716,0.735115416,
YGR110W_BY4741,-0.264370663,0.216633475,0.370839054,
YGR112W_BY4741,0.137896931,0.07517385,0.193691364,
YGR119C_BY4741,Inf,NA,0,
YGR125W_BY4741,#NAME?,NA,0,
YGR132C_BY4741,0.367488092,0.087391889,0.019630288,
YGR147C_BY4741,0.154661391,0.167048411,0.494056426,
YGR148C_BY4741,-2.273390467,0.197733328,0.000645216,
YGR150C_BY4741,-0.093327295,0.195997135,0.732463108,
YGR155W_BY4741,-1.062873527,0.310389887,0.038038956,
YGR157W_BY4741,-1.402336641,0.262753175,0.008474737,
YGR162W_BY4741;YGL049C_BY4741,-1.03252649,0.190558329,0.03472993,
YGR165W_BY4741,-0.379561875,0.104896001,0.032007912,
YGR169C_BY4741,-1.143519461,0.030151443,0.043074005,
YGR171C_BY4741,0.262776948,0.242580197,0.421991694,
YGR174C_BY4741,-0.242387332,0.084614013,0.064316063,
YGR175C_BY4741,-0.161245817,0.18388958,0.519025013,
YGR177C_BY4741,#NAME?,NA,0,
YGR178C_BY4741,-0.788416212,0.352151352,0.138965637,
YGR180C_BY4741,-1.551186146,0.571692152,0.105620172,
YGR181W_BY4741,-0.137582284,0.122362309,0.414225464,
YGR185C_BY4741,0.356247871,0.10649973,0.091098058,
YGR193C_BY4741,0.37758955,0.10472571,0.032428574,
YGR198W_BY4741,-0.952239237,0.158860827,0.005514127,
YGR199W_BY4741,-0.230314612,0.303400929,0.627728242,
YGR203W_BY4741,#NAME?,NA,0,
YGR207C_BY4741,0.088158347,0.053876077,0.240903367,
YGR214W_BY4741,-0.583719438,0.197296118,0.057603635,
YGR215W_BY4741,-0.326323439,0.396702996,0.548514723,
YGR220C_BY4741,-0.336469566,0.128199432,0.084174823,
YGR222W_BY4741,-0.098379662,0.068545149,0.296245303,
YGR231C_BY4741,0.265197927,0.10213762,0.086455512,
YGR234W_BY4741,-0.952746871,0.142129725,0.003808831,
YGR235C_BY4741,1.230523845,0.179262358,0.003588054,
YGR240C_BY4741,-1.208616879,0.149065604,0.014894003,
YGR243W_BY4741,1.345173058,0.094384626,0.000300015,
YGR244C_BY4741,0.036530326,0.053389032,0.619841416,
YGR254W_BY4741,-0.526286625,0.04547329,0.00063455,
YGR255C_BY4741,0.303960675,0.122481826,0.097058138,
YGR257C_BY4741,-0.022576532,0.110514521,0.885116024,
YGR263C_BY4741,-0.806217042,0.301498675,0.324746437,
YGR266W_BY4741,-1.690673714,0.107295801,0.000238409,
YGR279C_BY4741,-0.03994613,0.321427969,0.937652407,
YGR281W_BY4741,-1.186948824,0.17931558,0.003900761,
YGR282C_BY4741,0.14555678,0.425537484,0.814226901,
YGR284C_BY4741,-0.209400804,0.362259349,0.675504773,
YGR285C_BY4741,-1.207967535,0.076726257,0.003883579,
YGR286C_BY4741,-0.1767133,0.106227511,0.23368089,
YHL004W_BY4741,0.415357409,0.157774068,0.083581486,
YHL011C_BY4741,-0.196126727,0.632138074,0.827256806,
YHL014C_BY4741,0.070907266,0.218870787,0.815191888,
YHL015W_BY4741,-0.73114257,0.08701158,0.001804587,
YHL018W_BY4741,-0.160693677,0.15190429,0.432948014,
YHL021C_BY4741,0.915707503,0.136589652,0.003808831,
YHL023C_BY4741,-1.089974045,0.14277649,0.002498573,
YHL032C_BY4741,Inf,NA,0,
YHL038C_BY4741,-0.051751784,0.184708396,0.835687835,
YHR001W_BY4741,-0.978385995,0.123278037,0.003776051,
YHR002W_BY4741,-0.286631617,0.285719376,0.459268051,
YHR003C_BY4741,0.377462176,0.184109863,0.153247354,
YHR005C_BY4741,-1.028125552,0.180207487,0.006770578,
YHR007C_BY4741,-0.539093229,0.222601562,0.103297375,
YHR008C_BY4741,-0.58962787,0.105242788,0.007014494,
YHR010W_BY4741,-1.381954765,0.140669492,0.001073424,
YHR011W_BY4741,0.300672341,0.161158403,0.18706637,
YHR017W_BY4741,0.148549871,0.073449693,0.157917412,
YHR024C_BY4741,0.082108132,0.119343404,0.619098543,
YHR028C_BY4741,0.86081688,0.121439683,0.047442795,
YHR033W_BY4741,-0.810157746,0.066920879,0.002503136,
YHR037W_BY4741,0.000563882,0.113053914,0.998751776,
YHR038W_BY4741,0.150757847,0.085613661,0.210818793,
YHR039C_BY4741,-0.359551625,0.333828359,0.423913343,
YHR042W_BY4741,0.57914628,0.152426054,0.027703633,
YHR049W_BY4741,-0.490084047,0.200590762,0.101374413,
YHR051W_BY4741,-1.493363903,0.054707468,6.47E-05,
YHR059W_BY4741,-0.850375411,0.297229177,0.093858351,
YHR063C_BY4741,0.43729646,0.1199239,0.031419971,
YHR067W_BY4741,0.285673663,0.146330778,0.171344755,
YHR070W_BY4741,-0.372392846,0.350101886,0.469358338,
YHR076W_BY4741,0.27145568,0.173267123,0.257760737,
YHR083W_BY4741,0.259372374,0.105196696,0.098852667,
YHR091C_BY4741,-0.259303195,0.13822567,0.185766312,
YHR096C_BY4741;YHR094C_BY4741,-1.067468722,0.214029525,0.010644552,
YHR100C_BY4741,0.108243284,0.187405403,0.675504773,
YHR104W_BY4741,-1.180853572,0.165368234,0.003135346,
YHR106W_BY4741,0.498044065,0.154754084,0.054716605,
YHR107C_BY4741,-1.630718315,0.205922808,0.003776051,
YHR108W_BY4741,0.025751078,0.265079522,0.948432935,
YHR113W_BY4741,-0.543772749,0.135555229,0.022822476,
YHR117W_BY4741,0.59824055,0.113226738,0.008810695,
YHR120W_BY4741,-0.171159473,0.14912708,0.39918858,
YHR121W_BY4741,-0.761504831,0.270308977,0.126530765,
YHR128W_BY4741,#NAME?,NA,0,
YHR144C_BY4741,-0.612865065,0.152884707,0.243910381,
YHR147C_BY4741,-0.078344008,0.062625098,0.358601341,
YHR158C_BY4741,#NAME?,NA,0,
YHR161C_BY4741,#NAME?,NA,0,
YHR162W_BY4741,4.28491202,0.163873107,6.47E-05,
YHR168W_BY4741,0.094735827,0.103723323,0.500602904,
YHR179W_BY4741;YPL171C_BY4741,-0.426806635,0.082611808,0.201023788,
YHR183W_BY4741;YGR256W_BY4741,0.414912832,0.148533573,0.069291015,
YHR188C_BY4741,-0.970665303,0.350755233,0.071042796,
YHR189W_BY4741,0.479723114,0.252144048,0.180416622,
YHR190W_BY4741,-0.673144035,0.131322723,0.009825852,
YHR193C_BY4741,#NAME?,NA,0,
YHR194W_BY4741,1.017221329,0.151034968,0.164041423,
YHR198C_BY4741,0.135208655,0.096451428,0.304745655,
YHR199C_BY4741,0.298569337,0.057709512,0.009526393,
YHR201C_BY4741,#NAME?,NA,0,
YIL006W_BY4741,-0.357142667,0.11076069,0.045322841,
YIL009W_BY4741,-1.250032743,0.11635294,0.000800093,
YIL018W_BY4741,-1.590259579,0.143002721,0.000719407,
YIL087C_BY4741,-0.531876114,0.146167039,0.031531679,
YIL088C_BY4741,-0.556401813,0.251031777,0.245694648,
YIL093C_BY4741,0.153538002,0.060321979,0.090879028,
YIL094C_BY4741,0.529760471,0.053657906,0.001073424,
YIL098C_BY4741,-0.277683088,0.075804424,0.031191433,
YIL105C_BY4741,-1.863846762,0.117095734,0.000506618,
YIL108W_BY4741,-0.985094518,0.312212309,0.047916425,
YIL109C_BY4741,-1.740233255,0.268129884,0.004076534,
YIL114C_BY4741,1.549947746,0.150193258,0.000940423,
YIL118W_BY4741,-1.101381513,0.19401829,0.006791431,
YIL121W_BY4741,-0.826629694,0.244379325,0.039427789,
YIL124W_BY4741,-0.271675284,0.228714834,0.382896348,
YIL125W_BY4741,-0.715337184,0.131191666,0.007790569,
YIL134W_BY4741,-0.516316486,0.202600145,0.090879028,
YIL136W_BY4741,-0.162453222,0.23834902,0.621070056,
YIL155C_BY4741,0.141226531,0.138279814,0.450422497,
YIL157C_BY4741,0.07586894,0.127630258,0.671217695,
YIL161W_BY4741,#NAME?,NA,0,
YIR021W_BY4741,0.480679131,0.140021556,0.037750421,
YIR022W_BY4741,-0.777371166,0.310611735,0.094498919,
YIR024C_BY4741,0.410729359,0.149683639,0.072865474,
YIR034C_BY4741,-0.801778465,0.377217221,0.142431458,"LYS1, not 12"
YIR037W_BY4741,-0.346425197,0.098884051,0.035633419,
YIR038C_BY4741,-0.898118949,0.158017594,0.006791431,
YJL002C_BY4741,-0.497403365,0.189866797,0.084566063,
YJL003W_BY4741,-0.220133562,0.118554265,0.189110131,
YJL012C_BY4741,0.517206329,0.166882406,0.050401095,
YJL020C_BY4741,-1.65129241,0.207292651,0.002188397,
YJL023C_BY4741,0.087753115,0.171674024,0.713120556,
YJL026W_BY4741,#NAME?,NA,0,
YJL034W_BY4741,-0.367926525,0.151479173,0.102831952,
YJL045W_BY4741,-0.687988592,0.522080256,0.382507136,
YJL046W_BY4741,-0.095164201,0.133555159,0.605743812,
YJL054W_BY4741,0.56503174,0.135522807,0.020160985,
YJL060W_BY4741,0.128644823,0.199590327,0.644162669,
YJL063C_BY4741,-0.162283606,0.11189387,0.291356118,
YJL066C_BY4741,1.25684454,0.16384114,0.00249372,
YJL071W_BY4741,0.360898108,0.096505017,0.029147624,
YJL080C_BY4741,-1.286093936,0.311883973,0.020858009,
YJL082W_BY4741,0.9228201,0.213553863,0.017873011,
YJL096W_BY4741,-0.156376344,0.07761275,0.159242253,
YJL102W_BY4741,-0.872533078,0.189869714,0.014323236,
YJL104W_BY4741,0.139769121,0.141317564,0.464898403,
YJL112W_BY4741,1.497178106,0.074221223,0.000112419,
YJL117W_BY4741,-0.734765775,0.205145113,0.033206626,
YJL130C_BY4741;YJR109C_BY4741,-1.224249471,0.223876894,0.034102403,
YJL131C_BY4741,-0.104814809,0.305311233,0.807035241,
YJL133W_BY4741,0.519324426,0.153994903,0.039818455,
YJL134W_BY4741;YKR053C_BY4741,0.000278299,0.294317281,0.999276195,
YJL136C_BY4741,#NAME?,NA,0,
YJL143W_BY4741,0.82402209,0.288963356,0.064918323,
YJL145W_BY4741,0.424100435,0.133217858,0.047014824,
YJL147C_BY4741,-0.110054024,0.427595465,0.849829241,
YJL161W_BY4741,0.237732408,0.179248202,0.331310627,
YJL171C_BY4741,-1.293121913,0.356996584,0.031942767,
YJL172W_BY4741,0.679819365,0.244261909,0.069706046,
YJL180C_BY4741,-0.004724327,0.065652872,0.962608135,
YJL183W_BY4741,-0.285635771,0.277084018,0.454280156,
YJL196C_BY4741,-0.738369213,0.421298284,0.212359846,
YJL200C_BY4741,0.514036185,0.101749574,0.010209436,
YJL205C_BY4741,-0.568397478,0.585056114,0.480073041,
YJL208C_BY4741,0.063995272,0.07300398,0.519025013,
YJL209W_BY4741,0.208892907,0.185824571,0.407304272,
YJR003C_BY4741,0.031966893,0.150288127,0.88066602,
YJR007W_BY4741,#NAME?,NA,0,
YJR008W_BY4741,-0.185075109,0.517173404,0.82884668,
YJR016C_BY4741,0.736988744,0.118741771,0.004850117,
YJR019C_BY4741,-0.769319142,0.120700657,0.004395385,
YJR034W_BY4741,-0.707311551,0.187465797,0.036042248,
YJR045C_BY4741;YEL030W_BY4741,0.345937557,0.136981735,0.09244982,
YJR048W_BY4741;CON__P62894,-1.417916771,0.326778169,0.017617018,
YJR051W_BY4741,-0.405098917,0.171665233,0.110884196,
YJR062C_BY4741,0.006605935,0.31957769,0.991107826,
YJR065C_BY4741,#NAME?,NA,0,
YJR068W_BY4741,-0.269202128,0.319013429,0.590988419,
YJR073C_BY4741,-0.169447297,0.496537662,0.836555012,
YJR075W_BY4741,-0.948406106,0.153152337,0.05733514,
YJR076C_BY4741,#NAME?,NA,0,
YJR077C_BY4741,-0.882722719,0.245054344,0.032479539,
YJR080C_BY4741,-0.044500323,0.129676188,0.807035241,
YJR085C_BY4741,-0.786206156,0.24845788,0.047563107,
YJR086W_BY4741,-0.042784939,0.255581775,0.913797599,
YJR088C_BY4741,-0.917885653,0.192867405,0.012757134,
YJR095W_BY4741,-0.41592972,0.209595008,0.164846465,
YJR096W_BY4741,#NAME?,NA,0,
YJR100C_BY4741,0.005402152,0.139573242,0.983882409,
YJR101W_BY4741,-0.055041843,0.214548946,0.849829241,
YJR104C_BY4741,0.484963212,0.259530829,0.186684856,
YJR111C_BY4741,0.193305703,0.114429013,0.226925763,
YJR113C_BY4741,-0.146201168,0.126921231,0.397501111,
YJR117W_BY4741,-0.452689299,0.311989628,0.291356118,
YJR121W_BY4741,-0.228924779,0.097677029,0.112594717,
YJR122W_BY4741,0.421419851,0.108239087,0.025403885,
YJR123W_BY4741,-1.436362629,0.160025277,0.001339997,
YJR124C_BY4741,0.293272448,0.102352132,0.122298163,
YJR125C_BY4741,#NAME?,NA,0,
YJR131W_BY4741,-0.602761787,0.335303379,0.233258828,
YJR139C_BY4741,-0.527589706,0.109304184,0.01224617,
YJR143C_BY4741,-0.502137297,0.311997298,0.247967249,
YJR144W_BY4741,-0.16262336,0.064831548,0.09393901,
YKL003C_BY4741,-0.37085204,0.113412424,0.043478217,
YKL006W_BY4741,-1.211386066,0.222643349,0.007843394,
YKL008C_BY4741,0.377299625,0.23252583,0.272355902,
YKL011C_BY4741,0.190461924,0.242539357,0.567839143,
YKL013C_BY4741,-0.899624927,0.258559104,0.036427024,
YKL016C_BY4741,-0.366334263,0.038673249,0.001153846,
YKL027W_BY4741,0.468665295,0.086811551,0.008060434,
YKL029C_BY4741,1.067580061,0.072863128,0.000284601,
YKL035W_BY4741,-0.524337284,0.497719175,0.473935,
YKL039W_BY4741,#NAME?,NA,0,
YKL040C_BY4741,0.210114002,0.116315737,0.200198271,
YKL046C_BY4741,-0.016386761,0.098699139,0.907038694,
YKL047W_BY4741,#NAME?,NA,0,
YKL055C_BY4741,0.33907791,0.232588807,0.289504387,
YKL056C_BY4741,-2.211898594,0.512818991,0.035075935,
YKL060C_BY4741,-0.372114754,0.123165414,0.054473603,
YKL065C_BY4741,-0.696268864,0.143177035,0.011889374,
YKL067W_BY4741,-0.468973727,0.282394455,0.233895232,
YKL073W_BY4741,-0.991168394,0.188615261,0.008983009,
YKL077W_BY4741,-0.552376644,0.162542359,0.047442795,
YKL080W_BY4741,#NAME?,NA,0,
YKL081W_BY4741,-1.178676534,0.144861029,0.003492268,
YKL085W_BY4741,-0.679394718,0.080316822,0.001756235,
YKL087C_BY4741,1.099615104,0.112870009,0.001073424,
YKL092C_BY4741,-1.036615626,0.297249374,0.084929803,
YKL094W_BY4741,-1.114996133,0.151630274,0.002796558,
YKL103C_BY4741,1.266944029,0.177824524,0.003137096,
YKL104C_BY4741,-1.276302253,0.578438767,0.161533167,
YKL106W_BY4741,0.056705557,0.049076529,0.396135989,
YKL112W_BY4741,0.092437622,0.301434886,0.828163406,
YKL114C_BY4741,-0.589538669,0.672348611,0.519025013,
YKL120W_BY4741,2.042236639,0.23626999,0.001604717,
YKL129C_BY4741,-1.327140357,0.139458635,0.001153846,
YKL133C_BY4741;REV__YIL130W_BY4741,0.179494438,0.12043878,0.279843069,
YKL134C_BY4741,-0.602021104,0.165709632,0.031612352,
YKL138C_BY4741,-0.471868903,0.14963059,0.047916425,
YKL141W_BY4741,-1.205754894,0.076991449,0.000238409,
YKL148C_BY4741,-0.791510958,0.077812367,0.000988221,
YKL150W_BY4741,-0.038760349,0.103798155,0.790114243,
YKL151C_BY4741,-0.980210302,0.677142214,0.343389152,
YKL152C_BY4741,-0.825758963,0.117260754,0.003276692,
YKL154W_BY4741,-0.576958979,0.168886892,0.038262941,
YKL155C_BY4741,0.208430677,0.125364154,0.23368089,
YKL156W_BY4741;YHR021C_BY4741,-0.646314315,0.644590416,0.477092784,
YKL157W_BY4741;YHR047C_BY4741,-0.215747649,0.184432757,0.390638318,
YKL162C_BY4741,0.1005594,0.217681101,0.741954352,
YKL165C_BY4741,-0.029135046,0.398822126,0.962608135,
YKL167C_BY4741,-0.446305208,0.134105086,0.041612298,
YKL170W_BY4741,-0.960151851,0.127262311,0.002582066,
YKL180W_BY4741,-1.003643488,0.161863074,0.004850117,
YKL182W_BY4741,-0.812258131,0.27233059,0.11363539,
YKL192C_BY4741,0.156814179,0.268078632,0.672792358,
YKL194C_BY4741,-0.178065345,0.086101252,0.150878918,
YKL195W_BY4741,0.348479898,0.111988749,0.049909241,
YKL196C_BY4741,-1.341013543,0.391776226,0.038038956,
YKL203C_BY4741,#NAME?,NA,0,
YKL207W_BY4741,-0.535818119,0.423494103,0.378292558,
YKL208W_BY4741,0.123028931,0.367438278,0.811057084,
YKL212W_BY4741,-0.918076788,0.196779358,0.013719388,
YKL216W_BY4741,-0.294680444,0.1691029,0.214581521,
YKL217W_BY4741,-1.031445786,0.147595689,0.003366725,
YKR001C_BY4741,-0.02292499,0.226211328,0.946943702,
YKR003W_BY4741,-0.716257983,0.299979315,0.107107157,
YKR006C_BY4741,0.342694212,0.101300913,0.039427789,
YKR014C_BY4741,0.102706352,0.137204148,0.586550849,
YKR016W_BY4741,-0.454489024,0.204788751,0.127965783,
YKR018C_BY4741,-1.540552446,0.236542653,0.006791431,
YKR031C_BY4741,-1.248440628,0.287101969,0.099136432,
YKR036C_BY4741,0.550763303,0.309910876,0.207000864,
YKR048C_BY4741,#NAME?,NA,0,
YKR049C_BY4741,-0.253365891,0.133111897,0.180416622,
YKR052C_BY4741,0.516839633,0.340729106,0.272355902,
YKR059W_BY4741,-2.513764929,0.264510456,0.001153846,
YKR065C_BY4741,-0.290388025,0.093559916,0.050315812,
YKR066C_BY4741,0.128204358,0.0912737,0.304308108,
YKR067W_BY4741,-0.468870606,0.254189478,0.191590416,
YKR070W_BY4741,0.022143019,0.101092785,0.876742052,
YKR076W_BY4741,-0.440766403,0.201027683,0.249123417,
YKR079C_BY4741,0.157217945,0.150822763,0.441032708,
YKR085C_BY4741,-0.348169462,0.107765244,0.045058906,
YKR087C_BY4741,0.436475727,0.056850497,0.00249372,
YKR093W_BY4741,#NAME?,NA,0,
YLL003W_BY4741,-0.397272841,0.716208462,0.720082249,
YLL006W_BY4741,0.772447379,0.120224408,0.004255536,
YLL018C_BY4741,-0.297933795,0.582469913,0.726517158,
YLL023C_BY4741,-0.927144061,0.1608323,0.006506648,
YLL026W_BY4741,-2.693269977,0.33057441,0.001984964,
YLL027W_BY4741,-0.123782435,0.125931213,0.467425562,
YLL029W_BY4741,0.841074573,0.067569269,0.001064365,
YLL031C_BY4741,#NAME?,NA,0,
YLL033W_BY4741,0.014791214,0.247581344,0.969263525,
YLL040C_BY4741,-0.075598111,0.189853603,0.773968166,
YLL041C_BY4741,-1.187143735,0.063641698,0.000137403,
YLL048C_BY4741;YHL035C_BY4741,0.342366042,0.268311925,0.349184588,
YLL050C_BY4741,#NAME?,NA,0,
YLR008C_BY4741,-0.119094333,0.171922245,0.617053429,
YLR017W_BY4741,0.182917095,0.123254945,0.281883999,
YLR020C_BY4741,-0.870812124,0.301596923,0.121200846,
YLR027C_BY4741,-0.764088194,0.188149965,0.022066121,
YLR043C_BY4741;YGR209C_BY4741,-0.518668244,0.264082783,0.169070004,
YLR044C_BY4741;YLR134W_BY4741;YDL080C_BY4741,-1.015745615,0.1459893,0.003414071,
YLR056W_BY4741,-0.468055115,0.297470855,0.255720013,
YLR059C_BY4741,0.479581891,0.166150182,0.062628062,
YLR061W_BY4741;YFL034C-A_BY4741,-1.484841984,0.067946249,9.55E-05,
YLR064W_BY4741,0.208260341,0.047534204,0.033820009,
YLR065C_BY4741,-0.692865638,0.264129337,0.199217447,
YLR066W_BY4741,-0.521575635,0.195124841,0.091098058,
YLR067C_BY4741,-0.152645203,0.260673621,0.672792358,
YLR069C_BY4741,0.180513616,0.104945343,0.21994832,
YLR075W_BY4741,-1.697528134,0.087651461,0.000130067,
YLR077W_BY4741,-0.036932991,0.115215168,0.816863407,
YLR081W_BY4741;YFL011W_BY4741;YJL214W_BY4741,-1.259759192,0.34627776,0.031531679,???
YLR083C_BY4741,#NAME?,NA,0,
YLR088W_BY4741,-0.527294758,0.328718229,0.249123417,
YLR089C_BY4741,1.066343651,0.096358181,0.000719407,
YLR090W_BY4741,2.150166366,0.118845586,0.000152837,
YLR091W_BY4741,-0.002349054,0.151004301,0.992348172,
YLR096W_BY4741,#NAME?,NA,0,
YLR099C_BY4741,Inf,NA,0,
YLR100W_BY4741,-0.462753137,0.139195856,0.041702385,
YLR105C_BY4741,0.565931495,0.112012781,0.010209436,
YLR118C_BY4741,-0.260377009,0.359606687,0.599648004,
YLR139C_BY4741,0.394881755,0.194625732,0.156871919,
YLR142W_BY4741,0.810709277,0.115287109,0.003276692,
YLR151C_BY4741,-0.245537763,0.468430371,0.705490714,
YLR153C_BY4741;YAL054C_BY4741,-0.978920396,0.417116777,0.17414168,
YLR163C_BY4741,-0.103119893,0.08537219,0.376068147,
YLR167W_BY4741,-0.681726817,0.165519291,0.020858009,
YLR168C_BY4741,Inf,NA,0,
YLR188W_BY4741,-0.273632993,0.191528227,0.297763978,
YLR190W_BY4741,0.535203658,0.492744352,0.44195768,
YLR193C_BY4741,4.015345465,0.159708805,0.00046828,
YLR201C_BY4741,-0.32760368,0.055156919,0.005729507,
YLR203C_BY4741,-0.203340169,0.047263693,0.018115011,
YLR207W_BY4741,0.042350304,0.260642997,0.908531507,
YLR214W_BY4741,-1.349059844,0.093756601,0.000300015,
YLR220W_BY4741,1.265792921,0.27446767,0.029954759,
YLR225C_BY4741,-0.558763499,0.413795752,0.349170281,
YLR229C_BY4741,-0.904863412,0.167547991,0.008060434,
YLR239C_BY4741,0.042623044,0.076350381,0.684982298,
YLR249W_BY4741;YNL014W_BY4741,-2.167609211,0.156906692,0.000347969,
YLR251W_BY4741,0.162646886,0.161169838,0.456343625,
YLR253W_BY4741,0.111811328,0.171424075,0.639944841,
YLR259C_BY4741,0.546021619,0.13016554,0.019669097,
YLR262C_BY4741,0.005981263,0.258147791,0.989906868,
YLR270W_BY4741,-1.816048908,0.462864081,0.065421997,
YLR283W_BY4741,0.004165411,0.14558759,0.988072569,
YLR289W_BY4741,0.063992977,0.206096843,0.820894207,
YLR290C_BY4741,0.184225764,0.08736504,0.144869468,
YLR292C_BY4741,-0.515276398,0.211057944,0.101447895,
YLR293C_BY4741;YOR185C_BY4741,-1.720521298,0.260875095,0.003935826,
YLR295C_BY4741,-0.157913568,0.217795505,0.599584029,
YLR304C_BY4741,-1.151172333,0.090501789,0.00046828,
YLR305C_BY4741,-1.540522169,0.118624943,0.000427673,
YLR312W-A_BY4741,0.060633094,0.123306293,0.724234055,
YLR314C_BY4741,-0.888289613,0.191174466,0.019549102,
YLR340W_BY4741,-1.471674878,0.3294951,0.015794953,
YLR342W_BY4741,-1.712673013,0.2257328,0.002523369,
YLR348C_BY4741,0.651358955,0.044240338,0.000284601,
YLR350W_BY4741;YGR038W_BY4741,-0.792384782,0.268776817,0.058131812,
YLR351C_BY4741,-0.818072745,0.171089534,0.012599317,
YLR354C_BY4741,-1.968528257,0.082620823,0.000176791,
YLR355C_BY4741,1.421177038,0.192461714,0.002753631,
YLR356W_BY4741,1.4335316,1.037903944,0.362463203,
YLR367W_BY4741;YJL190C_BY4741,-1.5939144,0.303229732,0.008983009,
YLR369W_BY4741,0.539682767,0.068081726,0.002228692,
YLR372W_BY4741,0.861558223,0.326872859,0.112960186,
YLR378C_BY4741,-0.798711433,0.157664348,0.010184835,
YLR380W_BY4741,#NAME?,NA,0,
YLR382C_BY4741,-0.040743479,0.12072237,0.809737289,
YLR389C_BY4741,0.261710094,0.123417005,0.143188414,
YLR393W_BY4741,-0.222352646,0.101217222,0.131362888,
YLR413W_BY4741,#NAME?,NA,0,
YLR429W_BY4741,#NAME?,NA,0,
YLR439W_BY4741,0.045468554,0.092433078,0.724234055,
YLR447C_BY4741,0.468691618,0.206184816,0.121370964,
YLR454W_BY4741,#NAME?,NA,0,
YLR459W_BY4741,-0.118553987,0.222378214,0.707784426,
YML001W_BY4741,0.744641473,0.160403826,0.013930455,
YML008C_BY4741,-0.250280677,0.196162369,0.349184588,
YML012W_BY4741,-0.864027351,0.249614473,0.037144804,
YML013W_BY4741,-0.324458638,0.230424172,0.303872542,
YML017W_BY4741,#NAME?,NA,0,
YML020W_BY4741,0.348502224,0.176613437,0.180416622,
YML028W_BY4741,-2.241419627,0.287872509,0.003883579,
YML030W_BY4741,-0.245644551,0.172639235,0.298982691,
YML031W_BY4741,-0.113284033,0.263872868,0.778268886,
YML042W_BY4741,-0.600124364,0.164153216,0.031225094,
YML048W_BY4741,-0.745107203,0.167769682,0.016073771,
YML050W_BY4741,-0.288469999,0.112592201,0.08973335,
YML052W_BY4741,-0.982281736,0.200505504,0.016368776,
YML054C_BY4741,0.550416931,0.096938795,0.006791431,
YML055W_BY4741,-1.044541974,0.115323021,0.001287108,
YML059C_BY4741,-0.714371007,0.116208144,0.013943276,
YML061C_BY4741,0.77414451,0.411174295,0.215153069,
YML067C_BY4741,-1.298077765,0.128854431,0.00186021,
YML072C_BY4741,-1.420887414,0.145793074,0.001073424,
YML073C_BY4741,-0.679448286,0.142231793,0.012613004,
YML075C_BY4741,0.561163884,0.333545901,0.241048625,
YML078W_BY4741,-0.361070528,0.063246252,0.006770578,
YML086C_BY4741,0.245487078,0.160871765,0.270038077,
YML091C_BY4741,-0.808666133,0.195247786,0.020623545,
YML101C_BY4741,Inf,NA,0,
YML103C_BY4741,Inf,NA,0,
YML110C_BY4741,0.045522637,0.07196888,0.651501847,
YML115C_BY4741,-0.333575494,0.252187891,0.381411843,
YML120C_BY4741,-0.448762562,0.068386859,0.003974384,
YML123C_BY4741,0.161632977,0.147304322,0.416838864,
YML125C_BY4741,0.283485832,0.197632467,0.304745655,
YML128C_BY4741,-0.097947349,0.287591365,0.808096986,
YML130C_BY4741,-0.883447164,0.260498588,0.039180987,
YMR002W_BY4741,-0.005334287,0.304408343,0.991690235,
YMR003W_BY4741,-0.140688279,0.117152506,0.37863111,
YMR011W_BY4741,-0.195205271,0.000908555,0.012338919,
YMR012W_BY4741,#NAME?,NA,0,
YMR015C_BY4741,0.026340038,0.246204974,0.943370104,
YMR023C_BY4741,0.474821954,0.158725287,0.0559359,
YMR024W_BY4741,-0.015008489,0.08562327,0.902214712,
YMR035W_BY4741,0.359409871,0.115890786,0.050372125,
YMR038C_BY4741,0.824610119,0.210637963,0.024936074,
YMR056C_BY4741,-0.812957155,0.109109206,0.00270192,
YMR058W_BY4741,0.143552439,0.353328699,0.768579716,
YMR060C_BY4741,0.572395481,0.12521991,0.014550052,
YMR062C_BY4741,0.090960749,0.072748377,0.358601341,
YMR064W_BY4741,0.321882919,0.203810225,0.25433679,
YMR066W_BY4741,-0.204391187,0.214056571,0.480338056,
YMR072W_BY4741,0.058689217,0.079877517,0.593541229,
YMR083W_BY4741,0.528479122,0.055334963,0.001153846,
YMR087W_BY4741,-0.314634371,0.523469787,0.679993367,
YMR089C_BY4741,0.011066045,0.102078751,0.943213128,
YMR097C_BY4741,0.007243931,0.143385628,0.975570977,
YMR098C_BY4741,-0.002714552,0.11604115,0.989906868,
YMR099C_BY4741,#NAME?,NA,0,
YMR105C_BY4741,-0.490132373,0.28303319,0.274156512,
YMR108W_BY4741,0.583649343,0.133033259,0.016824411,
YMR109W_BY4741,-1.510739777,0.253657392,0.028822706,
YMR110C_BY4741,-0.033468774,0.309047319,0.943213128,
YMR113W_BY4741,-0.237063754,0.208125838,0.401846588,
YMR115W_BY4741,0.409314741,0.089145378,0.014334457,
YMR121C_BY4741,-1.128821179,0.26426087,0.018619615,
YMR129W_BY4741,0.277945017,0.331179681,0.539426031,
YMR130W_BY4741,-0.789903366,0.126152101,0.004726531,
YMR143W_BY4741,-1.479571422,0.17267473,0.001667808,
YMR145C_BY4741,-0.678276331,0.072825159,0.001189935,
YMR149W_BY4741,-0.474816017,0.243060999,0.171305588,
YMR150C_BY4741,0.485384591,0.220136566,0.130106614,
YMR152W_BY4741,-0.206101856,0.09250453,0.127259074,
YMR157C_BY4741,0.547728393,0.191570479,0.064551785,
YMR158W_BY4741,0.240643232,0.092857049,0.086872235,
YMR161W_BY4741,-0.378071011,0.167970747,0.137113268,
YMR166C_BY4741,-0.106251658,0.296312626,0.79862711,
YMR177W_BY4741,0.152365532,0.139023555,0.417062361,
YMR187C_BY4741,-0.025629642,0.265034735,0.948432935,
YMR188C_BY4741,-0.068245228,0.119000093,0.677837953,
YMR189W_BY4741,0.499517552,0.125396204,0.023430068,
YMR191W_BY4741,#NAME?,NA,0,
YMR193W_BY4741,-0.126135306,0.149726577,0.537948927,
YMR202W_BY4741,-0.217171726,0.355802684,0.662264877,
YMR203W_BY4741,0.200046958,0.231467007,0.525137175,
YMR205C_BY4741,-1.182276862,0.188315565,0.00747158,
YMR207C_BY4741,-0.100280131,0.216665616,0.739730911,
YMR209C_BY4741,-0.193178081,0.23864121,0.555779572,
YMR212C_BY4741,-1.046290172,0.213169302,0.011398828,
YMR214W_BY4741,-0.474573995,0.711043207,0.653062731,
YMR215W_BY4741,-0.49553516,0.378148721,0.337981023,
YMR217W_BY4741,#NAME?,NA,0,
YMR228W_BY4741,0.013372429,0.194364229,0.963917469,
YMR230W_BY4741,-0.219376916,0.188672135,0.392858979,
YMR235C_BY4741,#NAME?,NA,0,
YMR238W_BY4741,#NAME?,NA,0,
YMR241W_BY4741,-0.995099807,0.150468325,0.003900761,
YMR243C_BY4741,0.846868932,0.35023955,0.103520124,
YMR246W_BY4741,-1.097718407,0.347924774,0.047916425,
YMR257C_BY4741,-0.303823714,0.40318518,0.589151622,
YMR266W_BY4741,-1.668377681,0.175918013,0.001153846,
YMR267W_BY4741,0.10341122,0.090545847,0.400728228,
YMR272C_BY4741,-0.700033738,0.096686207,0.046308204,
YMR281W_BY4741,Inf,NA,0,
YMR282C_BY4741,0.814870176,0.182184837,0.015738838,
YMR287C_BY4741,0.125772991,0.116718045,0.423913343,
YMR290C_BY4741,#NAME?,NA,0,
YMR293C_BY4741,0.563036405,0.139768784,0.022577307,
YMR296C_BY4741,-0.74381316,0.295097038,0.092894385,
YMR297W_BY4741,0.535998065,0.381919204,0.399853856,
YMR301C_BY4741,0.171187071,0.191054602,0.509664075,
YMR302C_BY4741,-0.021005037,0.144460061,0.91992312,
YMR307W_BY4741,-0.876031491,0.307709568,0.065195537,
YMR309C_BY4741,-1.442064507,0.068731548,0.010114028,
YMR314W_BY4741,-0.020626797,0.191093219,0.947460147,
YMR315W_BY4741,-1.33989228,0.475800325,0.126530765,
YMR318C_BY4741,-1.482806178,0.177236474,0.001830777,
YNL003C_BY4741,0.177139734,0.159467159,0.411515475,
YNL005C_BY4741,-0.355152596,0.154288458,0.117455149,
YNL007C_BY4741,-0.610634641,0.261275406,0.1132296,
YNL009W_BY4741;YLR174W_BY4741,-0.335097995,0.404255656,0.544966145,
YNL016W_BY4741,#NAME?,NA,0,
YNL026W_BY4741,0.43885753,0.200553068,0.132495844,
YNL030W_BY4741,0.124610083,0.419038363,0.827256806,
YNL031C_BY4741,0.304159549,0.572413975,0.702865978,
YNL037C_BY4741,-0.670874815,0.082259412,0.001984964,
YNL044W_BY4741,#NAME?,NA,0,
YNL045W_BY4741,0.043072103,0.208397879,0.884035188,
YNL047C_BY4741,#NAME?,NA,0,
YNL049C_BY4741,#NAME?,NA,0,
YNL052W_BY4741,-1.81016145,0.35305859,0.009825852,
YNL055C_BY4741,-0.167142997,0.17605203,0.481483906,
YNL063W_BY4741,-0.352679068,0.129825207,0.088283894,
YNL064C_BY4741,-1.247530314,0.221006174,0.006867922,
YNL067W_BY4741,-1.291256101,0.190169332,0.003732156,
YNL071W_BY4741,0.935804564,0.078439918,0.000544661,
YNL073W_BY4741,0.01784152,0.186056872,0.948432935,
YNL081C_BY4741,-0.853701739,0.397921051,0.139227808,
YNL085W_BY4741,-0.80657049,0.327751384,0.099136432,
YNL087W_BY4741,-1.201868567,0.195573789,0.004957739,
YNL090W_BY4741,-0.884726363,0.347695063,0.121708911,
YNL094W_BY4741,0.752772199,0.321165657,0.174235959,
YNL096C_BY4741,-0.949483663,0.234811745,0.022315627,
YNL098C_BY4741,-1.286391437,0.641442403,0.19248874,
YNL100W_BY4741,0.709009405,0.15308152,0.01396665,
YNL104C_BY4741,0.578526712,0.128452542,0.015324058,
YNL111C_BY4741,0.78036146,0.427903138,0.226925763,
YNL115C_BY4741,0.574649289,0.097678819,0.005965078,
YNL121C_BY4741,4.63506388,0.142705846,6.47E-05,
YNL131W_BY4741,0.245789744,0.133269354,0.191590416,
YNL135C_BY4741,-0.543444492,0.20451006,0.081166493,
YNL137C_BY4741,-0.318172418,0.137507382,0.115925586,
YNL154C_BY4741,-0.816210323,0.221631265,0.030628636,
YNL161W_BY4741,#NAME?,NA,0,
YNL168C_BY4741,0.290522172,0.142494389,0.154969889,
YNL169C_BY4741,0.533609113,0.145875904,0.031225094,
YNL177C_BY4741,-0.073191206,0.11720168,0.654673401,
YNL178W_BY4741,-0.906741301,0.151136369,0.005514127,
YNL181W_BY4741,-0.890515791,0.159609197,0.007076975,
YNL185C_BY4741,0.144649723,0.123640914,0.390638318,
YNL189W_BY4741,#NAME?,NA,0,
YNL194C_BY4741,-0.553742748,0.123161055,0.015401205,
YNL208W_BY4741,0.665921922,0.321542825,0.150500272,
YNL212W_BY4741,-0.67606225,0.177714663,0.120589145,
YNL213C_BY4741,0.541565566,0.195370768,0.084174823,
YNL219C_BY4741,-0.469305539,0.312465865,0.276491472,
YNL220W_BY4741,#NAME?,NA,0,
YNL231C_BY4741,-0.473888442,0.288002919,0.24999099,
YNL239W_BY4741,0.176713579,0.160302729,0.414589227,
YNL241C_BY4741,-0.718290864,0.146679323,0.025403885,
YNL243W_BY4741,#NAME?,NA,0,
YNL247W_BY4741,-0.108860828,0.17075142,0.648546686,
YNL252C_BY4741,0.117283045,0.08351937,0.304308108,
YNL256W_BY4741,-0.568263475,0.180739266,0.048293478,
YNL263C_BY4741,-1.027572288,0.259987777,0.064551785,
YNL284C_BY4741,0.12714463,0.05819311,0.132899333,
YNL287W_BY4741,-1.815308283,0.351730327,0.01396665,
YNL292W_BY4741,0.185805242,0.395583411,0.738811996,
YNL295W_BY4741,-0.86300664,0.192330651,0.02163654,
YNL302C_BY4741,-1.267001481,0.174281474,0.002912139,
YNL306W_BY4741,-0.050676053,0.090923099,0.684982298,
YNL307C_BY4741,-0.952555621,0.242661497,0.02483583,
YNL310C_BY4741,-0.477037655,0.326206252,0.288093084,
YNL315C_BY4741,-0.093656115,0.167259818,0.68474993,
YNL320W_BY4741,-0.083929336,0.102137766,0.576825748,
YNL323W_BY4741,-1.149699035,0.197347983,0.015956024,
YNL328C_BY4741,0.15484387,0.066720699,0.115022901,
YNR001C_BY4741,-0.978584469,0.10621116,0.001250293,
YNR008W_BY4741,-0.849951482,0.244302235,0.085282686,
YNR015W_BY4741,-0.883972689,0.090884937,0.002088284,
YNR016C_BY4741,-1.328999774,0.128681503,0.000940423,
YNR017W_BY4741,0.663517739,0.241155308,0.072286618,
YNR018W_BY4741,0.5168962,0.155713912,0.04186573,
YNR020C_BY4741,-0.056313696,0.314308125,0.90042524,
YNR021W_BY4741,-0.836934195,0.135425725,0.004861189,
YNR022C_BY4741,-0.501391931,0.16878755,0.057131118,
YNR026C_BY4741,-1.022138092,0.190691696,0.03552987,
YNR030W_BY4741,-0.134715043,0.328488336,0.768579716,
YNR035C_BY4741,-2.461236086,0.066807372,0.000209958,
YNR036C_BY4741,-0.438803817,0.114491862,0.026986087,
YNR040W_BY4741,-0.065800973,0.086020965,0.578489966,
YNR041C_BY4741,-0.256109919,0.229384908,0.408981711,
YNR045W_BY4741,0.41662907,0.086399136,0.012260357,
YOL008W_BY4741,0.63084331,0.182453699,0.037233799,
YOL009C_BY4741,0.866259717,0.152539887,0.006791431,
YOL012C_BY4741,-0.750901081,0.668462354,0.447267832,
YOL015W_BY4741,-1.517622346,0.405475374,0.029121198,
YOL016C_BY4741,#NAME?,NA,0,
YOL023W_BY4741,0.125856774,0.086540275,0.290524144,
YOL026C_BY4741,-0.515332991,0.300459717,0.220864473,
YOL027C_BY4741,0.405645776,0.106199631,0.027250975,
YOL030W_BY4741,0.614007502,0.825913427,0.636174422,
YOL033W_BY4741,-0.311264414,0.128310221,0.102900667,
YOL040C_BY4741,-1.540043139,0.117969344,0.000427049,
YOL042W_BY4741,-0.126413855,0.09706323,0.340789039,
YOL053W_BY4741,0.036907589,0.116062035,0.817340873,
YOL059W_BY4741,-0.002181585,0.117308737,0.991690235,
YOL065C_BY4741,-0.277214087,0.248812301,0.417599566,
YOL071W_BY4741,-0.669372966,0.177278313,0.028307296,
YOL081W_BY4741,1.07299782,0.059756937,0.012630423,
YOL086C_BY4741,-0.859131721,0.281590042,0.052959956,
YOL088C_BY4741,-0.182980317,0.258898292,0.619841416,
YOL092W_BY4741,-0.354859008,0.395007136,0.540982492,
YOL095C_BY4741,0.032482045,0.144556474,0.873098774,
YOL096C_BY4741,0.558555512,0.271385647,0.152031352,
YOL109W_BY4741,-0.00799237,0.225429217,0.984920037,
YOL114C_BY4741,0.369491618,0.123926083,0.086234218,
YOL126C_BY4741,-0.159759715,0.196040479,0.57969333,
YOL129W_BY4741,Inf,NA,0,
YOL130W_BY4741;YFL050C_BY4741,#NAME?,NA,0,
YOL139C_BY4741,#NAME?,NA,0,
YOL140W_BY4741,0.561861361,0.257602216,0.133376552,
YOL143C_BY4741,-0.488425956,0.412429133,0.405507039,
YOL147C_BY4741,-0.848715536,0.259628955,0.043478217,
YOL152W_BY4741,#NAME?,NA,0,
YOL158C_BY4741,-0.726203135,0.244292366,0.057085957,
YOR007C_BY4741,-1.072194219,0.050485269,0.009911366,
YOR017W_BY4741,-0.423772993,0.1407765,0.054935974,
YOR020C_BY4741,-0.226087498,0.146486092,0.265063354,
YOR022C_BY4741,0.183382558,0.236852648,0.57391741,
YOR037W_BY4741,0.750934406,0.081902482,0.001256106,
YOR040W_BY4741,-0.129150052,0.29195724,0.749503678,
YOR046C_BY4741,-1.427768175,0.150156823,0.01062574,
YOR063W_BY4741,-1.426610953,0.059449682,8.02E-05,
YOR065W_BY4741,-0.370614835,0.144939116,0.090168143,
YOR085W_BY4741,-0.791567695,0.129878471,0.005153164,
YOR086C_BY4741,-1.426897281,0.151532667,0.001164709,
YOR089C_BY4741,0.589725442,0.303897316,0.185874743,
YOR090C_BY4741,0.707462499,0.085096273,0.00186021,
YOR093C_BY4741,#NAME?,NA,0,
YOR094W_BY4741,-0.725817235,0.342492132,0.143223399,
YOR099W_BY4741,#NAME?,NA,0,
YOR100C_BY4741,-1.078529394,0.162745852,0.003900761,
YOR103C_BY4741,#NAME?,NA,0,
YOR108W_BY4741,0.144864072,0.113888594,0.350575409,
YOR120W_BY4741,0.185752125,0.236335982,0.580357692,
YOR125C_BY4741,0.501598506,0.048182472,0.000925338,
YOR130C_BY4741,-0.336488163,0.113935657,0.05785303,
YOR131C_BY4741,-0.749612318,0.139055845,0.008087455,
YOR133W_BY4741,-2.067043607,0.202485837,0.000984192,
YOR136W_BY4741,-0.800133853,0.187594661,0.018693972,
YOR142W_BY4741,0.371162345,0.051979572,0.003135346,
YOR147W_BY4741,2.614327439,0.114422848,8.95E-05,
YOR150W_BY4741,0.003357597,0.095500276,0.984920037,
YOR152C_BY4741,#NAME?,NA,0,
YOR153W_BY4741;YDR406W_BY4741,-0.443463748,0.115878111,0.027091236,
YOR158W_BY4741,-0.235896387,0.194158712,0.373032319,
YOR161C_BY4741,-1.143429114,0.253521352,0.015269629,
YOR165W_BY4741,-0.87125402,0.190377077,0.014515913,
YOR175C_BY4741,-0.479764692,0.40814286,0.407355153,
YOR176W_BY4741,-0.219826146,0.121622284,0.200194794,
YOR181W_BY4741,#NAME?,NA,0,
YOR182C_BY4741,#NAME?,NA,0,
YOR187W_BY4741,-0.355489368,0.075781317,0.013499029,
YOR196C_BY4741,0.139957514,0.085657624,0.241048625,
YOR197W_BY4741,-0.733646484,0.31306772,0.358126803,
YOR201C_BY4741,0.035870766,0.169201616,0.88066602,
YOR204W_BY4741;YPL119C_BY4741;YNL112W_BY4741,-1.729883997,0.226495274,0.002498573,
YOR205C_BY4741,0.112599448,0.191298459,0.672132096,
YOR211C_BY4741,0.616053561,0.051327124,0.000544661,
YOR212W_BY4741,-1.230112954,0.13410444,0.001256106,
YOR215C_BY4741,0.000241625,0.109568846,0.999168889,
YOR221C_BY4741,1.011046335,0.090481354,0.000714862,
YOR222W_BY4741,-2.278156073,0.169444892,0.000382192,
YOR226C_BY4741,0.336085835,0.078863593,0.054935974,
YOR228C_BY4741,-0.028323443,0.323444675,0.953513506,
YOR232W_BY4741,0.103014098,0.138828234,0.589785887,
YOR236W_BY4741,-0.288283103,0.180852309,0.251247955,
YOR241W_BY4741,-0.406911994,0.06391158,0.004395385,
YOR245C_BY4741,0.046790511,0.169343919,0.838686134,
YOR251C_BY4741,-0.468169346,0.058182208,0.002088284,
YOR254C_BY4741,-0.757053463,0.118839197,0.004395385,
YOR266W_BY4741,0.132592217,0.123706019,0.425789531,
YOR270C_BY4741,0.277880694,0.146021234,0.180416622,
YOR271C_BY4741,0.653867844,0.045860268,0.000300015,
YOR274W_BY4741,-0.789214309,0.222092023,0.042208527,
YOR285W_BY4741,0.310296852,0.178513485,0.215153069,
YOR286W_BY4741,-0.420623211,0.221344907,0.180644359,
YOR288C_BY4741,-0.781981433,0.343659166,0.152031352,
YOR289W_BY4741,-0.151622122,0.196015442,0.57391741,
YOR291W_BY4741,0.544795383,0.52742649,0.48119246,
YOR297C_BY4741,-0.306644137,0.191954873,0.250391927,
YOR298C-A_BY4741,-0.007011968,0.48801417,0.992629433,
YOR301W_BY4741,-1.269784701,0.25197749,0.014978116,
YOR305W_BY4741,0.346187736,0.124166901,0.069546459,
YOR316C_BY4741,Inf,NA,0,
YOR317W_BY4741,-0.952287243,0.063463986,0.000268713,
YOR330C_BY4741,0.773132374,0.201512253,0.026931898,
YOR334W_BY4741,0.345331904,0.218549932,0.25433679,
YOR335C_BY4741,-0.411268563,0.181888412,0.12239269,
YOR336W_BY4741,-0.615272152,0.190324595,0.054167277,
YOR350C_BY4741,-0.041730758,0.091903652,0.742826203,
YOR354C_BY4741,-0.152230459,0.120619913,0.354356981,
YOR356W_BY4741,0.009898596,0.080087636,0.935351748,
YOR369C_BY4741,-1.646395702,0.242109629,0.003726018,
YOR374W_BY4741,0.946721259,0.147212151,0.004255536,
YOR375C_BY4741,-0.41039999,0.275968305,0.304759131,
YOR382W_BY4741,Inf,NA,0,
YPL004C_BY4741,-0.422739356,0.154345892,0.073220723,
YPL005W_BY4741,-0.386909846,0.112174592,0.03744027,
YPL006W_BY4741,#NAME?,NA,0,
YPL010W_BY4741,-1.113851487,0.664158857,0.286458416,
YPL013C_BY4741,-0.53465827,0.075709836,0.003268866,
YPL019C_BY4741,0.058779923,0.166451373,0.802101588,
YPL029W_BY4741,0.511842658,0.196645741,0.086029453,
YPL031C_BY4741,#NAME?,NA,0,
YPL040C_BY4741,-0.158920731,0.148105014,0.425619521,
YPL048W_BY4741,-1.136413871,0.202165681,0.01062574,
YPL050C_BY4741,-1.336702011,0.108243897,0.000501348,
YPL059W_BY4741,-0.558664817,0.16383308,0.0384707,
YPL060W_BY4741,0.382402361,0.27439643,0.318298952,
YPL061W_BY4741,-0.679932241,0.330668749,0.152204854,
YPL063W_BY4741,-0.058264344,0.137925314,0.758316818,
YPL067C_BY4741,0.216853519,0.49555436,0.756856985,
YPL072W_BY4741,-0.210323818,0.165763661,0.351625586,
YPL078C_BY4741,-0.43239627,0.14748013,0.059254455,
YPL081W_BY4741,-0.037368961,0.342357528,0.943213128,
YPL083C_BY4741,0.684689874,0.111153236,0.004920929,
YPL091W_BY4741,-0.390355647,0.128381221,0.053563995,
YPL094C_BY4741,-1.264342379,0.278170619,0.014894003,
YPL097W_BY4741,0.18477974,0.164569177,0.407355153,
YPL098C_BY4741,-0.208174352,0.426964296,0.726265161,
YPL099C_BY4741,-0.452535599,0.148990856,0.053680603,
YPL103C_BY4741,0.561700159,0.21977278,0.090168143,
YPL104W_BY4741,-0.171609823,0.103785723,0.235907959,
YPL106C_BY4741;YBR169C_BY4741,-1.588169682,0.221378731,0.003108382,
YPL107W_BY4741,#NAME?,NA,0,
YPL109C_BY4741,0.152104385,0.271858202,0.68474993,
YPL118W_BY4741,-0.385612841,0.114457182,0.039818455,
YPL131W_BY4741,-1.273910305,0.08492926,0.000268713,
YPL132W_BY4741,0.034508848,0.094006905,0.794271578,
YPL134C_BY4741,-0.706422527,0.064920085,0.000771095,
YPL135W_BY4741,-0.043352254,0.091355529,0.73298356,
YPL143W_BY4741,-1.768690025,0.194436486,0.001284226,
YPL145C_BY4741,-2.398274387,0.199913998,0.000544661,
YPL148C_BY4741,0.561675731,0.177122963,0.047442795,
YPL154C_BY4741,1.705020877,0.12565236,0.000373865,
YPL168W_BY4741,0.425435497,0.115195944,0.030485929,
YPL172C_BY4741,-0.338276619,0.219825895,0.266027458,
YPL173W_BY4741,-0.057865632,0.174854833,0.812574612,
YPL188W_BY4741,0.219456431,0.054454228,0.022577307,
YPL199C_BY4741,0.649067891,0.170338699,0.027471933,
YPL207W_BY4741,#NAME?,NA,0,
YPL210C_BY4741,#NAME?,NA,0,
YPL215W_BY4741,-0.104553659,0.118530806,0.517254466,
YPL220W_BY4741,-1.355392593,0.201152758,0.003776051,
YPL222W_BY4741,-0.297147103,0.14134471,0.145929462,
YPL224C_BY4741,-0.083738685,0.19203534,0.752237867,
YPL225W_BY4741,-1.047628247,0.196854333,0.008563521,
YPL227C_BY4741,0.093444458,0.278425,0.814066402,
YPL231W_BY4741,-0.831287382,0.327070372,0.151454497,
YPL235W_BY4741,1.18923986,0.354955595,0.040564994,
YPL240C_BY4741,-2.294347366,0.212453788,0.000790758,
YPL245W_BY4741,#NAME?,NA,0,
YPL249C-A_BY4741,-1.670866283,0.312469013,0.020160985,
YPL252C_BY4741,0.473456132,0.240757356,0.180841311,
YPL262W_BY4741,-0.858468976,0.04165367,0.000109986,
YPL270W_BY4741,0.043553391,0.138342652,0.819050181,
YPR001W_BY4741,-0.180530844,0.112788577,0.249982962,
YPR002W_BY4741,-0.731598539,0.112699229,0.004076534,
YPR004C_BY4741,0.501503039,0.116083923,0.017873011,
YPR006C_BY4741,0.236833312,0.245535571,0.481483906,
YPR011C_BY4741,0.223069929,0.160990576,0.309362176,
YPR016C_BY4741,0.035533576,0.182970096,0.893807977,
YPR020W_BY4741,-0.864495559,0.104171746,0.00186021,
YPR021C_BY4741,-1.146093593,0.168256801,0.003716569,
YPR024W_BY4741,#NAME?,NA,0,
YPR028W_BY4741,-0.51135277,0.321635422,0.252020756,
YPR033C_BY4741,-0.201521837,0.130807223,0.265733912,
YPR036W_BY4741,-1.397594842,0.331245267,0.019489692,
YPR037C_BY4741,-0.31033655,0.176905399,0.317641613,
YPR043W_BY4741,-0.693345441,0.289926828,0.16839046,
YPR047W_BY4741,0.186078378,0.109155571,0.223705454,
YPR055W_BY4741,-0.211031344,0.393800192,0.714385213,
YPR058W_BY4741,-0.834320327,0.126931361,0.003968384,
YPR067W_BY4741,0.202123338,0.186357979,0.421746002,
YPR074C_BY4741,-1.386741521,0.200824052,0.020858009,
YPR080W_BY4741,-0.295801209,0.227982414,0.342192997,
YPR088C_BY4741,#NAME?,NA,0,
YPR091C_BY4741,-1.274807969,0.226396067,0.006895393,
YPR100W_BY4741,-0.399346344,0.081275406,0.01139283,
YPR102C_BY4741,-1.023400905,0.25297357,0.022315627,
YPR113W_BY4741,-1.194055387,0.122166918,0.001073424,
YPR114W_BY4741,-0.574637187,0.302079687,0.180416622,
YPR116W_BY4741,0.488337102,0.331278049,0.285359825,
YPR122W_BY4741,-1.061445869,0.227560565,0.019351297,
YPR124W_BY4741,-1.332839153,0.182484361,0.002859541,
YPR125W_BY4741,-0.268985096,0.152706474,0.210818793,
YPR134W_BY4741,0.700035747,0.2034663,0.037590973,
YPR140W_BY4741,0.219434422,0.086424937,0.091098058,
YPR149W_BY4741,-0.335642077,0.217115268,0.264500897,
YPR155C_BY4741,0.203350661,0.113411218,0.202788106,
YPR159W_BY4741,-0.737557185,0.210178381,0.043478217,
YPR160W_BY4741,#NAME?,NA,0,
YPR165W_BY4741,-0.301111273,0.21495096,0.304745655,
YPR166C_BY4741,-0.785150505,0.150519179,0.009250166,
YPR181C_BY4741,-1.659091692,0.226131775,0.002810444,
YPR183W_BY4741,-0.713735922,0.181100133,0.024459989,
YPR191W_BY4741,-0.712889073,0.154208927,0.014009376,
